node_name,ogt_full_signal,ogt_presence_only_signal
AABM5X1(0),43.971775,40.38216
AABM5X2(1),52.29042,56.253685
AABM5X3(2),62.213223,59.092213
Abys1(3),38.657158,24.809128
Acid1(4),30.587358,33.516438
Acid10(5),55.197815,44.756653
Acid11(6),27.181707,32.335102
Acid12(7),56.47364,58.734177
Acid13(8),58.22267,59.846207
Acid14(9),30.049637,32.307915
Acid16(10),60.917473,66.43628
Acid17(11),33.768272,28.629776
Acid18(12),63.362988,59.798653
Acid2(13),39.6974,39.29078
Acid20(14),28.467924,24.633436
Acid21(15),55.278015,47.564117
Acid22(16),65.12254,62.59854
Acid23(17),31.775122,34.71465
Acid24(18),43.509026,48.497425
Acid25(19),51.69581,45.765327
Acid26(20),31.869616,31.679052
Acid27(21),31.903793,23.920147
Acid28(22),49.221252,51.71481
Acid29(23),33.814125,32.005974
Acid3(24),29.088226,27.991573
Acid30(25),32.841923,41.297756
Acid31(26),30.502869,29.625105
Acid32(27),57.531506,56.802475
Acid33(28),64.24239,64.14635
Acid34(29),30.245419,20.682316
Acid35(30),23.643902,32.63592
Acid36(31),31.554037,26.527784
Acid37(32),25.451923,34.26827
Acid38(33),26.129248,23.329567
Acid39(34),23.176254,32.11517
Acid4(35),36.414917,35.191483
Acid40(36),29.554127,20.966242
Acid5(37),29.861137,34.70237
Acid6(38),32.865196,33.750748
Acid7(39),24.362627,30.595068
Acid8(40),46.833843,53.1406
Acid9(41),39.456726,40.81438
Acti10(42),26.701347,29.132158
Acti11(43),45.747,37.23813
Acti12(44),27.950518,30.65139
Acti13(45),43.370537,45.871014
Acti14(46),32.045372,28.497757
Acti15(47),52.460304,57.587727
Acti16(48),37.530037,35.885555
Acti18(49),37.341454,35.694103
Acti19(50),33.68814,34.008778
Acti2(51),40.214,36.010887
Acti20(52),57.944656,55.73827
Acti21(53),26.720654,29.308922
Acti22(54),60.956966,64.24272
Acti23(55),37.003143,42.019386
Acti24(56),39.225388,46.88081
Acti25(57),31.706707,30.149569
Acti26(58),33.015163,30.809464
Acti27(59),42.727764,41.64988
Acti28(60),29.26957,31.015368
Acti29(61),48.821262,58.515915
Acti3(62),24.799667,34.059097
Acti30(63),56.820038,50.121834
Acti31(64),34.48628,34.390285
Acti32(65),26.733126,31.737646
Acti33(66),35.62373,37.96888
Acti34(67),33.7817,31.126013
Acti35(68),27.14258,24.589046
Acti36(69),28.43994,27.078018
Acti37(70),26.497265,28.52219
Acti38(71),27.662004,28.200806
Acti39(72),54.71069,52.12313
Acti4(73),48.83556,43.550026
Acti40(74),29.996456,29.882685
Acti41(75),49.102,59.03762
Acti42(76),35.64526,43.871616
Acti43(77),27.469406,29.954237
Acti44(78),29.520346,30.52184
Acti45(79),37.193993,39.43589
Acti46(80),29.743149,42.10763
Acti47(81),23.963179,33.780994
Acti48(82),25.72399,29.884989
Acti49(83),27.76044,35.125423
Acti5(84),30.354034,32.929325
Acti50(85),34.00381,31.286236
Acti51(86),42.928326,40.360546
Acti52(87),30.10003,34.146515
Acti6(88),27.680187,35.573616
Acti7(89),28.665487,29.486023
Acti8(90),38.031166,39.886707
Acti9(91),55.307854,60.000366
Aero1(92),49.70787,50.135723
Aqui1(93),67.233246,65.48481
Aqui2(94),65.52543,68.758385
Aqui3(95),66.50325,66.46233
Aqui4(96),70.06929,67.53026
Aqui5(97),62.38432,62.121418
Aqui6(98),73.04427,66.09581
Arma11(99),70.591705,72.708115
Arma12(100),36.20512,27.926996
Arma13(101),64.66047,55.55747
Arma14(102),55.547596,57.124146
Arma15(103),64.64271,60.939217
Arma16(104),51.12602,55.272823
Arma3(105),36.20805,38.977448
Arma4(106),52.003647,54.0209
Arma6(107),31.48072,34.353596
Arma7(108),59.61158,57.024464
Arma9(109),60.347023,66.4383
Aure1(110),60.152145,60.14434
Aure2(111),37.99402,39.69399
Aure3(112),48.28858,46.455524
B130X1(113),60.182026,61.007084
BMS3X1(114),41.45962,37.422733
Bact1(115),44.158855,33.733112
Bact10(116),52.943134,47.118336
Bact11(117),48.924454,45.15101
Bact12(118),40.160038,40.780193
Bact13(119),39.035076,28.94656
Bact14(120),37.771503,33.435513
Bact16(121),35.11152,39.44181
Bact17(122),32.975044,30.732397
Bact18(123),57.098248,59.753407
Bact19(124),26.193151,23.885624
Bact2(125),30.158314,35.216633
Bact20(126),33.135067,29.687042
Bact21(127),37.996567,29.565126
Bact22(128),35.586887,37.0314
Bact23(129),46.20343,46.261105
Bact24(130),53.92914,55.987183
Bact25(131),31.755573,38.77156
Bact27(132),35.510254,29.776493
Bact28(133),32.323334,39.29482
Bact29(134),30.875307,28.867983
Bact3(135),34.313507,34.868317
Bact30(136),33.899906,28.929737
Bact31(137),35.780407,40.71157
Bact32(138),41.382195,37.01774
Bact33(139),38.47137,44.066196
Bact34(140),34.380424,28.066784
Bact35(141),30.338154,30.736649
Bact36(142),25.656559,20.664616
Bact37(143),30.473225,31.643473
Bact38(144),37.552647,35.141705
Bact39(145),62.99559,65.51303
Bact4(146),35.46139,28.89681
Bact40(147),31.73346,31.201632
Bact41(148),34.796535,29.280088
Bact42(149),30.804716,26.58089
Bact43(150),30.911882,29.344185
Bact44(151),32.909367,27.561373
Bact5(152),33.761875,29.595533
Bact6(153),35.773304,38.638462
Bact7(154),66.62823,68.312546
Bact8(155),65.28699,63.452335
Bact9(156),30.264585,28.931837
Bdell10(157),52.69914,45.073093
Bdell11(158),31.783693,30.80578
Bdell12(159),22.536291,21.83981
Bdell13(160),29.131544,32.18299
Bdell14(161),32.85962,33.85998
Bdell15(162),33.865414,33.60719
Bdell16(163),31.119635,28.851013
Bdell17(164),31.613966,27.00227
Bdell2(165),48.39749,46.4248
Bdell3(166),26.841633,32.524124
Bdell4(167),35.07126,32.74115
Bdell5(168),29.593197,29.700775
Bdell6(169),31.15246,38.57374
Bdell7(170),34.99366,32.110367
Bdell9(171),27.008787,32.418774
BdellC1(172),47.26737,61.24721
BdellC2(173),43.827183,34.6425
Bipo1(174),47.753757,49.196934
Bipo2(175),62.35771,65.22912
CG267X1(176),34.92323,33.333958
CG294X1(177),36.692234,36.778694
CSP1X1(178),47.001152,44.269722
Calda1(179),50.370525,45.86179
Calda2(180),45.61733,48.808865
Caldit1(181),59.555504,57.127235
Caldit2(182),73.82508,72.14599
Caldit3(183),44.4141,53.973244
Camp1(184),34.915768,34.7269
Camp10(185),32.397205,40.15346
Camp11(186),38.659184,36.278656
Camp12(187),48.693462,47.76899
Camp13(188),28.725266,30.16405
Camp14(189),36.454784,34.181377
Camp15(190),34.2851,32.133522
Camp16(191),30.363022,27.405458
Camp2(192),32.313885,31.48463
Camp3(193),48.73329,54.70807
Camp4(194),30.010153,19.717562
Camp5(195),43.785755,44.69467
Camp6(196),53.634792,49.562363
Camp7(197),36.00087,40.03846
Camp9(198),40.23893,48.877377
Chlo10(199),49.226665,44.330307
Chlo11(200),48.419838,55.19509
Chlo12(201),33.317787,30.529188
Chlo13(202),46.280445,57.54511
Chlo14(203),56.640152,60.090065
Chlo15(204),50.1894,60.33639
Chlo16(205),45.691273,54.144222
Chlo17(206),33.729275,34.05604
Chlo18(207),50.297348,47.126034
Chlo19(208),36.995472,34.670673
Chlo20(209),60.484833,59.911427
Chlo21(210),36.457066,34.845543
Chlo22(211),51.89273,67.07863
Chlo23(212),55.790302,67.1212
Chlo24(213),41.042442,39.919033
Chlo25(214),41.71074,32.7585
Chlo26(215),39.48174,48.586227
Chlo27(216),45.72068,53.071064
Chlo28(217),52.05223,57.017334
Chlo29(218),34.172764,40.849045
Chlo30(219),44.532063,52.26573
Chlo31(220),39.553936,33.060146
Chlo32(221),37.163464,43.013824
Chlo33(222),66.371,70.37885
Chlo34(223),34.19117,45.157314
Chlo35(224),30.911625,37.562275
Chlo36(225),46.94438,41.328716
Chlo37(226),49.197716,58.72378
Chlo38(227),36.456715,37.243847
Chlo39(228),26.5256,29.274342
Chlo4(229),38.524048,35.420258
Chlo40(230),38.258698,42.834747
Chlo41(231),28.94912,31.25355
Chlo42(232),54.208782,58.92511
Chlo43(233),67.46198,67.54897
Chlo44(234),35.745792,36.257572
Chlo45(235),46.778233,51.764732
Chlo46(236),45.556084,56.215885
Chlo47(237),40.23893,46.11932
Chlo48(238),46.90894,50.72096
Chlo5(239),24.41866,40.236973
Chlo6(240),43.945877,56.597584
Chlo7(241),48.426483,58.8156
Chlo8(242),58.760593,60.356964
Chlo9(243),60.01274,63.042984
Chry1(244),31.240166,33.147224
Cloa1(245),52.745373,56.572266
Cyan1(246),37.487686,34.79515
Cyan10(247),27.088997,31.83241
Cyan11(248),50.329197,51.949467
Cyan12(249),45.564495,37.511078
Cyan13(250),45.598648,37.929096
Cyan14(251),30.227427,39.266033
Cyan15(252),32.162624,39.696667
Cyan16(253),36.833504,35.237106
Cyan18(254),35.056267,33.497513
Cyan19(255),30.169567,34.1869
Cyan2(256),25.19251,37.60411
Cyan20(257),31.782658,32.465034
Cyan21(258),27.658745,24.818752
Cyan22(259),30.47722,29.21658
Cyan23(260),29.17644,29.324846
Cyan24(261),27.366392,30.023788
Cyan25(262),28.881042,31.40961
Cyan26(263),32.51283,39.516094
Cyan27(264),33.1502,32.60885
Cyan28(265),33.596626,36.939346
Cyan29(266),36.178406,39.1907
Cyan3(267),29.370695,36.75572
Cyan30(268),30.908056,32.052124
Cyan31(269),30.14612,29.085611
Cyan32(270),25.757772,36.46443
Cyan33(271),32.19743,29.500628
Cyan34(272),32.077385,35.91736
Cyan35(273),29.633032,31.445854
Cyan36(274),33.12848,33.140133
Cyan37(275),31.45906,33.782932
Cyan38(276),47.742496,47.47567
Cyan4(277),45.165348,47.754528
Cyan40(278),31.363892,30.58555
Cyan41(279),26.200378,35.192432
Cyan42(280),35.151012,46.079205
Cyan43(281),30.339022,29.310673
Cyan44(282),28.223326,29.090067
Cyan45(283),25.962282,35.184574
Cyan46(284),29.802103,32.31232
Cyan47(285),27.84293,27.955427
Cyan7(286),25.399715,23.93138
Cyan8(287),35.63717,31.082144
Cyan9(288),47.90827,37.44894
DTU0X1(289),60.744446,60.99377
Defe1(290),32.039703,32.845673
Defe2(291),45.87507,48.548096
Defe3(292),43.931946,44.859848
Dein1(293),60.277863,56.304928
Dein2(294),36.137592,52.17045
Dein3(295),51.24198,46.330757
Dein4(296),36.50347,40.474224
Dein5(297),65.57672,62.49657
Dein6(298),35.390335,48.553978
Dein7(299),57.825413,63.650684
Desa1(300),49.33518,60.061737
DesuB1(301),34.12228,31.623583
DesuB2(302),34.049652,28.31986
DesuB3(303),31.552288,35.854996
DesuB4(304),34.55634,32.80385
DesuC1(305),37.956318,32.64346
DesuC2(306),35.7357,45.753593
DesuD1(307),40.118034,35.92665
DesuD2(308),31.648521,26.71449
Desua1(309),46.747936,42.408993
Desua10(310),36.22871,40.159042
Desua11(311),42.73715,35.43542
Desua12(312),31.637701,35.1863
Desua13(313),56.54886,50.56319
Desua14(314),31.972012,32.557148
Desua15(315),52.372765,54.112514
Desua16(316),39.5884,39.221462
Desua17(317),40.297295,37.57957
Desua18(318),37.11615,33.201984
Desua19(319),43.015884,41.78861
Desua2(320),36.782772,32.489254
Desua20(321),34.819138,34.49618
Desua21(322),32.119133,33.030132
Desua22(323),56.240356,47.29026
Desua23(324),52.64984,49.128033
Desua24(325),38.949825,36.30666
Desua25(326),40.150974,35.62914
Desua26(327),39.338207,44.20462
Desua27(328),36.569794,37.555202
Desua28(329),36.60636,35.784775
Desua29(330),28.02776,29.576283
Desua3(331),62.84146,63.142303
Desua30(332),34.17154,38.98526
Desua31(333),36.992172,43.768692
Desua32(334),61.9158,61.852386
Desua33(335),34.63253,32.026672
Desua34(336),47.34687,38.61678
Desua35(337),52.86697,46.745487
Desua36(338),34.598347,32.31026
Desua37(339),34.024315,36.992386
Desua38(340),34.029106,28.78983
Desua39(341),34.488625,32.317177
Desua4(342),36.509907,33.4278
Desua40(343),61.468906,60.262054
Desua41(344),29.146544,28.245537
Desua42(345),39.786953,36.53844
Desua43(346),31.654589,32.574226
Desua44(347),37.58005,28.115883
Desua45(348),70.710365,70.361626
Desua46(349),34.608864,42.505363
Desua47(350),32.62364,29.818758
Desua48(351),34.738792,34.143642
Desua49(352),36.673176,39.53148
Desua5(353),38.55519,41.112118
Desua50(354),40.522987,34.61323
Desua51(355),34.824074,37.19256
Desua52(356),34.1075,31.559782
Desua53(357),32.3546,33.36902
Desua54(358),37.937515,31.417967
Desua6(359),42.47173,48.317253
Desua7(360),38.471786,45.571423
Desua8(361),29.610527,37.05871
Desua9(362),38.453217,36.51697
Dict1(363),72.96534,74.29471
Dorm1(364),38.61065,40.075626
Dorm2(365),42.90639,46.866657
Dorm3(366),51.42187,58.21012
Dorm4(367),53.9212,60.472523
Dorm5(368),45.91298,44.973106
Edwa1(369),40.863197,31.288345
Eise1(370),38.003437,29.87861
Eise2(371),31.240553,36.532063
Eise3(372),36.46301,40.11362
Eise4(373),27.767633,33.748466
Elus1(374),48.544632,53.898518
Elus10(375),34.23143,29.108301
Elus2(376),60.849953,54.22794
Elus3(377),29.1184,31.976358
Elus4(378),35.160835,30.636162
Elus5(379),41.9239,42.93793
Elus6(380),36.715435,29.051619
Elus7(381),31.108786,27.880798
Elus8(382),27.856098,29.495161
Elus9(383),28.128876,31.742645
Erem2(384),37.044525,31.263577
Erem3(385),50.10192,44.29793
Erem4(386),47.425495,30.226347
Erem5(387),35.60133,32.022827
Erem6(388),38.515953,32.16221
FCPU1(389),40.82501,29.153496
FCPU2(390),38.617428,29.674137
Ferm1(391),45.727688,50.50891
Fibr1(392),35.928555,33.33992
Fibr2(393),31.931025,29.310436
Fibr3(394),32.70507,36.472393
Fibr4(395),27.380936,34.29138
Fibr5(396),36.403122,35.219654
Fibr6(397),33.445995,28.270834
Fire1(398),31.187643,31.892952
FirmA1(399),39.15534,36.50862
FirmA10(400),36.21475,33.978302
FirmA100(401),35.752117,33.28457
FirmA101(402),59.921986,54.04939
FirmA102(403),31.663805,37.210247
FirmA103(404),35.950325,33.760063
FirmA104(405),30.143238,32.906017
FirmA105(406),33.402042,37.731106
FirmA106(407),37.47819,38.921394
FirmA107(408),44.669296,44.281094
FirmA108(409),44.889797,47.678135
FirmA109(410),40.24239,42.26487
FirmA11(411),54.085052,47.400383
FirmA110(412),32.323475,33.01839
FirmA111(413),68.61049,68.652374
FirmA112(414),32.527744,28.72862
FirmA113(415),53.701595,49.361767
FirmA114(416),31.954319,30.861938
FirmA12(417),33.7392,40.30075
FirmA14(418),33.082127,40.07085
FirmA16(419),55.95257,47.058342
FirmA18(420),33.002193,35.21106
FirmA19(421),33.234604,35.830826
FirmA2(422),42.15108,44.73052
FirmA20(423),31.640783,32.73998
FirmA21(424),33.658264,38.707954
FirmA24(425),42.086773,40.85844
FirmA25(426),32.422882,33.792564
FirmA26(427),37.080456,43.999744
FirmA27(428),31.814743,28.573427
FirmA28(429),47.319138,53.503727
FirmA29(430),34.81508,33.159985
FirmA30(431),31.201084,34.080524
FirmA31(432),49.72891,42.15581
FirmA32(433),62.110825,59.498898
FirmA33(434),37.083126,33.476467
FirmA34(435),39.906555,47.521328
FirmA35(436),45.719883,44.679134
FirmA36(437),32.403103,34.84894
FirmA37(438),53.253647,51.85212
FirmA38(439),40.01232,43.06112
FirmA39(440),34.326344,27.722351
FirmA40(441),31.160719,32.884953
FirmA41(442),57.82174,56.722015
FirmA42(443),38.12335,33.519615
FirmA43(444),33.826733,32.438442
FirmA44(445),39.69346,41.44243
FirmA45(446),32.603306,35.848312
FirmA46(447),44.653503,41.358543
FirmA47(448),37.56632,41.015995
FirmA48(449),62.254005,63.92675
FirmA49(450),34.46201,34.916107
FirmA5(451),38.026104,46.906246
FirmA50(452),30.888462,29.046005
FirmA51(453),33.269512,32.620125
FirmA52(454),30.710026,32.217022
FirmA53(455),43.64509,48.26529
FirmA54(456),58.771835,59.062447
FirmA55(457),36.17832,32.928726
FirmA56(458),49.572124,45.78992
FirmA57(459),37.833508,36.746784
FirmA58(460),37.250664,33.091602
FirmA59(461),50.52909,47.50068
FirmA6(462),37.719845,36.13966
FirmA60(463),55.580738,57.05035
FirmA61(464),50.50794,48.421753
FirmA62(465),35.64091,34.7488
FirmA63(466),33.252766,37.05262
FirmA64(467),35.4128,34.406178
FirmA65(468),30.360874,35.520638
FirmA66(469),48.090595,47.673737
FirmA67(470),35.07244,36.880714
FirmA68(471),42.15099,46.757343
FirmA69(472),32.885506,31.196308
FirmA7(473),28.09755,31.922525
FirmA70(474),33.865517,42.129448
FirmA71(475),31.127773,31.948366
FirmA72(476),44.20881,40.68847
FirmA73(477),35.242302,35.352844
FirmA74(478),64.07494,62.10293
FirmA75(479),35.962463,32.81477
FirmA76(480),41.68134,46.25793
FirmA77(481),46.031296,41.21178
FirmA78(482),36.247723,34.503216
FirmA79(483),25.889553,29.838589
FirmA8(484),40.027935,35.591217
FirmA80(485),33.85225,36.426506
FirmA81(486),56.822803,56.61364
FirmA83(487),35.288414,38.588436
FirmA84(488),32.832478,34.507927
FirmA85(489),39.78071,44.95928
FirmA86(490),47.686813,53.354397
FirmA87(491),34.78127,37.482895
FirmA88(492),59.013535,59.8392
FirmA89(493),31.567343,34.452473
FirmA9(494),35.485275,36.43257
FirmA90(495),31.093573,30.421406
FirmA91(496),38.122887,43.60273
FirmA92(497),55.53713,57.125034
FirmA93(498),35.72986,33.91201
FirmA94(499),31.006283,34.471584
FirmA95(500),38.01122,30.242191
FirmA96(501),36.8515,36.197124
FirmA97(502),37.50479,35.210144
FirmA98(503),35.04225,36.955673
FirmA99(504),27.430742,33.284218
FirmB1(505),50.128796,48.394276
FirmB10(506),45.58378,39.5017
FirmB11(507),30.98998,36.133476
FirmB12(508),42.667286,38.794872
FirmB13(509),53.997597,47.702225
FirmB14(510),59.13646,58.956593
FirmB15(511),64.168434,58.75476
FirmB16(512),57.356136,59.43194
FirmB17(513),60.14706,62.760555
FirmB2(514),36.667473,36.821438
FirmB3(515),47.14492,47.730175
FirmB4(516),68.88013,62.14317
FirmB5(517),39.556194,36.31176
FirmB6(518),62.20892,58.686153
FirmB7(519),57.302124,59.55025
FirmB8(520),35.68695,36.888676
FirmB9(521),48.771282,49.962486
FirmC1(522),33.318676,33.226234
FirmC10(523),37.213776,37.064484
FirmC11(524),29.558567,32.44185
FirmC12(525),29.748404,33.766197
FirmC13(526),37.739815,38.091644
FirmC14(527),30.535368,37.99664
FirmC15(528),29.750183,35.026764
FirmC16(529),56.243202,50.645718
FirmC17(530),33.178703,31.51374
FirmC18(531),35.394386,40.38497
FirmC19(532),32.113407,34.716984
FirmC3(533),34.40816,37.743004
FirmC4(534),30.231623,41.28378
FirmC5(535),43.32403,38.669506
FirmC6(536),36.15945,33.34263
FirmC7(537),32.90534,30.688295
FirmC8(538),32.494984,35.476364
FirmC9(539),37.46755,36.750725
FirmD1(540),49.23701,44.961754
FirmD2(541),44.694664,57.506615
FirmD3(542),39.67701,43.22431
FirmD4(543),52.798977,50.48805
FirmE1(544),42.696808,47.82045
FirmE2(545),43.82969,35.796112
FirmE3(546),60.218235,65.05954
FirmE4(547),61.296722,51.238335
FirmE5(548),39.739296,34.065437
FirmE6(549),57.80865,50.41957
FirmE7(550),61.345238,62.93508
FirmE8(551),67.819695,69.41369
FirmF1(552),51.37436,37.839798
FirmF2(553),48.00878,44.22945
FirmF3(554),50.881493,39.881866
FirmG1(555),46.15713,49.83782
FirmG2(556),44.736813,38.50897
FirmG3(557),58.394688,61.099873
FirmG4(558),50.582203,57.104683
FirmG5(559),50.67745,56.311546
FirmG6(560),58.998676,60.128525
Firms1(561),65.42942,65.869095
Firms10(562),62.958908,67.305786
Firms11(563),36.84588,36.989723
Firms12(564),48.47884,51.02468
Firms13(565),59.62477,50.64861
Firms15(566),34.894005,35.622856
Firms16(567),35.217957,37.271946
Firms17(568),37.683678,33.526257
Firms18(569),52.976467,56.615067
Firms2(570),36.941425,28.280867
Firms20(571),49.84557,50.64913
Firms21(572),36.044926,38.05206
Firms22(573),35.055824,34.36241
Firms23(574),32.234283,31.48467
Firms24(575),38.114956,39.577965
Firms25(576),38.167,47.23349
Firms26(577),56.512573,50.526638
Firms27(578),41.546253,42.6035
Firms28(579),38.099224,36.87978
Firms29(580),53.870358,50.95726
Firms3(581),51.53759,46.509426
Firms30(582),27.881374,28.988438
Firms31(583),32.5309,25.411854
Firms32(584),30.94222,38.166542
Firms33(585),46.857006,39.27416
Firms4(586),54.153763,49.965347
Firms5(587),41.365036,36.935448
Firms6(588),36.158596,34.154194
Firms7(589),51.729057,52.710552
Firms8(590),58.551105,58.612823
Firms9(591),28.822369,31.089968
Fuso2(592),34.50075,30.371778
Gemm2(593),32.06432,36.14141
Gemm3(594),49.59357,43.235172
Gemm4(595),30.947832,34.976196
Gemm5(596),36.025146,34.212673
Gemm6(597),52.042564,47.98372
Gemm7(598),58.226986,49.239178
Gemm8(599),58.78291,53.954865
Gemm9(600),31.922556,32.36045
GemmA1(601),31.862627,33.6781
Gold1(602),44.896477,34.39535
Gold2(603),40.84696,35.867844
Hydr1(604),53.116463,49.50448
Hydr2(605),36.5589,37.548374
J088X1(606),39.856922,45.823254
KSB1X1(607),31.948149,36.213783
KSB1X2(608),59.501144,63.75609
KSB1X3(609),27.606554,37.805244
KSB1X4(610),51.01863,45.17798
Krum1(611),39.81724,35.32113
Late1(612),30.180199,34.69676
Late2(613),59.107285,54.24431
Late3(614),44.501442,43.446415
Lind1(615),53.0141,62.50142
Lind2(616),59.37553,61.08433
Lind4(617),53.35553,58.102642
Marg1(618),42.505367,41.42645
Marg2(619),44.053905,37.44434
Marg6(620),52.8004,52.12533
Marg7(621),37.061676,30.052708
Mari1(622),46.696514,49.906815
Mari2(623),57.227566,58.7767
Mari3(624),52.647907,55.03574
Mari5(625),50.437855,45.989624
Mari6(626),47.489754,32.279778
Meth1(627),38.103024,37.03109
Meth2(628),35.86763,32.16943
Meth3(629),42.277817,36.642384
Meth4(630),32.54205,32.274143
Meth5(631),32.187435,29.824165
Muir1(632),43.535927,45.216663
MyxA1(633),27.60842,25.951414
MyxA2(634),36.475716,33.816994
MyxA3(635),32.22212,39.70222
MyxA4(636),45.733955,51.808674
Myxo1(637),26.948582,32.905014
Myxo10(638),33.002563,38.071297
Myxo11(639),36.00435,35.74975
Myxo13(640),33.563873,35.395603
Myxo14(641),28.433495,27.668333
Myxo15(642),29.671339,34.969532
Myxo17(643),31.082983,27.603958
Myxo18(644),28.545065,29.892595
Myxo19(645),29.910728,32.540054
Myxo2(646),54.829067,41.738827
Myxo3(647),30.999462,29.794252
Myxo5(648),30.618502,31.108143
Myxo6(649),26.308458,29.217121
Myxo7(650),33.367683,29.973925
Myxo8(651),28.047796,31.939133
Myxo9(652),34.452423,32.070137
NPL1(653),47.070854,55.964325
Nitr1(654),34.63368,38.636314
Nitr10(655),34.90247,29.378113
Nitr11(656),32.623913,28.023643
Nitr12(657),50.503323,47.873596
Nitr13(658),59.437996,59.347954
Nitr14(659),52.503716,43.600246
Nitr15(660),35.669594,34.921978
Nitr16(661),38.890423,37.050983
Nitr17(662),61.959995,59.128685
Nitr2(663),36.67418,36.52297
Nitr3(664),32.599915,28.613646
Nitr4(665),47.2735,55.982548
Nitr5(666),59.3628,59.3041
Nitr6(667),35.430275,28.364298
Nitr7(668),34.784992,35.470966
Nitr8(669),29.4185,26.992094
Nitr9(670),34.960667,30.552734
Nits1(671),33.753338,30.388142
Nits2(672),49.6708,42.939754
Nits3(673),32.541325,30.650356
Nits4(674),37.550983,33.233498
NitsA1(675),43.12403,37.462883
NitsA2(676),48.5246,42.01328
NitsA3(677),44.99726,40.288845
OLB1X1(678),34.277912,39.491283
Omni2(679),49.585964,51.637978
Omni3(680),54.12704,56.8157
Omni4(681),52.73828,54.35969
Omni6(682),33.05439,30.472166
Omni7(683),46.77545,44.362244
Omni8(684),31.535074,33.9242
P4572X1(685),45.591503,38.69828
Pate1(686),41.305202,39.807785
Pate10(687),31.342642,31.364017
Pate11(688),44.406864,44.932995
Pate12(689),40.490543,41.450184
Pate13(690),40.221344,39.384823
Pate14(691),44.415024,40.90483
Pate15(692),37.762207,36.669266
Pate17(693),41.54923,41.390488
Pate18(694),36.758686,36.53623
Pate19(695),40.917767,42.73849
Pate21(696),41.889328,39.330074
Pate22(697),38.81717,41.31951
Pate23(698),56.35386,56.898415
Pate24(699),41.495846,37.6255
Pate25(700),34.889637,33.19899
Pate26(701),51.784485,56.32103
Pate27(702),34.480732,34.051556
Pate28(703),37.76429,40.91693
Pate29(704),37.887848,35.736427
Pate3(705),48.74577,54.56231
Pate30(706),31.191357,28.920406
Pate31(707),47.085426,52.977917
Pate32(708),44.84519,56.55015
Pate33(709),41.614323,40.86254
Pate34(710),31.189798,33.56876
Pate35(711),44.668064,55.02962
Pate36(712),41.797813,41.856133
Pate37(713),33.041428,31.986944
Pate38(714),38.65198,38.359062
Pate39(715),44.125275,38.13866
Pate4(716),37.874653,42.138355
Pate40(717),42.130466,42.535576
Pate41(718),31.738455,35.628113
Pate43(719),29.853926,25.27416
Pate44(720),36.220043,43.637054
Pate45(721),44.68463,44.171497
Pate46(722),29.11563,33.163307
Pate48(723),33.35896,35.058678
Pate49(724),36.477654,37.123657
Pate5(725),41.408085,44.01118
Pate50(726),44.219524,57.972992
Pate51(727),34.029022,33.52028
Pate52(728),45.870808,40.238426
Pate53(729),31.294205,31.91541
Pate54(730),30.941092,32.514816
Pate55(731),34.310963,33.525223
Pate56(732),40.87809,38.82234
Pate57(733),34.446518,36.309742
Pate6(734),33.50327,33.792572
Pate7(735),34.397625,32.905945
Pate8(736),42.435555,41.495327
Pate9(737),41.36184,47.83964
Plan12(738),32.475964,35.09618
Plan14(739),30.979702,37.44946
Plan16(740),28.017067,24.953957
Plan17(741),32.754696,35.006714
Plan18(742),53.18155,51.45649
Plan2(743),55.915253,58.395153
Plan21(744),54.13709,57.239964
Plan22(745),59.89402,59.160053
Plan23(746),46.88994,49.443096
Plan26(747),57.468246,58.158035
Plan27(748),49.47942,49.949135
Plan3(749),36.65105,34.575333
Plan30(750),39.387875,44.72976
Plan31(751),32.292374,32.16999
Plan32(752),49.7504,58.331963
Plan33(753),39.05477,46.807384
Plan39(754),47.421463,42.735497
Plan4(755),57.721405,56.447388
Plan40(756),61.339306,56.364796
Plan42(757),31.898483,36.869217
Plan43(758),33.566437,28.86418
Plan44(759),50.37037,49.858727
Plan5(760),50.977192,57.120125
Plan7(761),55.274952,55.302273
Pori1(762),60.29348,51.797897
Pori2(763),41.141823,36.341995
ProtA10(764),35.440987,38.732716
ProtA11(765),29.259398,33.105217
ProtA12(766),34.20371,29.260103
ProtA13(767),25.370453,30.483776
ProtA14(768),29.201668,31.559042
ProtA15(769),41.18333,45.245377
ProtA16(770),29.534897,34.27819
ProtA18(771),35.821995,32.01605
ProtA19(772),30.709236,30.271034
ProtA2(773),29.377832,26.15021
ProtA20(774),29.875525,34.73238
ProtA21(775),47.79028,43.663685
ProtA24(776),30.308008,31.336277
ProtA26(777),47.169296,52.180496
ProtA27(778),35.76044,32.838745
ProtA29(779),33.169197,31.943436
ProtA3(780),24.755465,30.228695
ProtA30(781),33.044155,33.308403
ProtA31(782),27.171513,28.044636
ProtA32(783),30.597929,39.57926
ProtA33(784),48.511845,37.148193
ProtA34(785),28.621656,32.514416
ProtA35(786),32.930763,30.17083
ProtA36(787),37.01219,34.47924
ProtA37(788),32.02264,32.607464
ProtA38(789),23.37526,27.548948
ProtA39(790),31.870417,26.776209
ProtA40(791),26.405436,23.659513
ProtA41(792),29.73635,33.872837
ProtA42(793),33.60748,34.560547
ProtA43(794),30.949085,33.371872
ProtA44(795),33.2493,28.643978
ProtA45(796),43.08022,40.577065
ProtA46(797),31.59275,32.332737
ProtA47(798),23.488987,29.735182
ProtA48(799),32.61897,31.31991
ProtA49(800),30.988836,32.715866
ProtA5(801),31.892303,33.10965
ProtA50(802),27.09414,31.67558
ProtA51(803),27.264866,27.505932
ProtA52(804),34.179245,32.32406
ProtA53(805),30.789413,31.38281
ProtA54(806),32.1137,31.16426
ProtA55(807),28.67979,30.645258
ProtA56(808),27.915617,26.81678
ProtA57(809),29.170353,31.692974
ProtA58(810),31.375673,27.40099
ProtA60(811),33.345356,32.904167
ProtA61(812),34.3225,33.801342
ProtA62(813),27.960455,29.450087
ProtA63(814),24.380146,27.461111
ProtA64(815),26.715328,31.080444
ProtA66(816),26.846054,27.082504
ProtA67(817),26.524841,32.391766
ProtA68(818),29.756783,27.443754
ProtA69(819),24.56056,30.8688
ProtA7(820),34.19926,36.381493
ProtA70(821),30.10743,30.959007
ProtA71(822),30.87161,31.074947
ProtA72(823),29.36346,29.407452
ProtA74(824),28.946974,29.4688
ProtA75(825),26.424679,34.01857
ProtA76(826),29.216536,39.062683
ProtA77(827),32.610443,33.80541
ProtA8(828),26.756922,36.15153
ProtA9(829),32.672962,33.255592
ProtG1(830),32.79832,35.25551
ProtG10(831),30.669668,33.47078
ProtG11(832),27.034832,25.177124
ProtG12(833),26.479298,30.710785
ProtG13(834),29.701725,33.00556
ProtG14(835),42.658676,51.85769
ProtG15(836),31.67831,31.421326
ProtG16(837),49.843403,46.6315
ProtG17(838),34.7857,31.285456
ProtG18(839),37.641747,55.30033
ProtG19(840),31.820278,25.711756
ProtG20(841),32.980026,37.5369
ProtG21(842),34.35051,45.793987
ProtG22(843),26.419537,25.284065
ProtG24(844),33.595413,40.03055
ProtG25(845),41.46602,41.782707
ProtG26(846),32.648346,30.66267
ProtG27(847),29.133587,28.814297
ProtG28(848),31.613403,31.850616
ProtG29(849),33.122444,31.16411
ProtG3(850),42.302357,41.513546
ProtG30(851),33.61517,37.145714
ProtG31(852),31.721075,32.896927
ProtG32(853),28.55887,32.21315
ProtG33(854),30.70378,33.35385
ProtG34(855),43.97307,42.759903
ProtG35(856),34.85636,41.120316
ProtG36(857),30.497492,25.035727
ProtG37(858),28.494766,34.722145
ProtG38(859),36.288593,46.73018
ProtG39(860),32.028175,32.091045
ProtG4(861),41.11014,46.478264
ProtG40(862),37.10655,31.883766
ProtG41(863),30.039028,37.528805
ProtG42(864),31.410887,35.459564
ProtG43(865),31.442652,35.347004
ProtG44(866),31.085121,29.425196
ProtG45(867),27.700123,32.96652
ProtG46(868),49.282024,53.048855
ProtG47(869),26.543991,30.63153
ProtG48(870),36.220592,33.908936
ProtG49(871),31.354856,27.835005
ProtG5(872),31.448551,57.9658
ProtG50(873),31.016369,27.327854
ProtG51(874),30.401226,45.582916
ProtG52(875),32.68963,23.705885
ProtG53(876),32.990166,31.657686
ProtG54(877),31.340576,24.500582
ProtG55(878),30.879457,33.9305
ProtG56(879),32.930725,28.728956
ProtG57(880),29.01137,34.78465
ProtG58(881),27.88681,30.409266
ProtG59(882),28.219654,28.26988
ProtG6(883),49.49337,45.092255
ProtG60(884),32.81622,33.65053
ProtG61(885),32.81622,33.65053
ProtG62(886),28.097364,31.713982
ProtG63(887),31.63499,31.665617
ProtG64(888),35.062656,38.304688
ProtG65(889),29.743216,30.243937
ProtG66(890),31.052591,31.467058
ProtG67(891),34.19041,31.250912
ProtG68(892),33.733418,33.910313
ProtG69(893),31.421732,29.556
ProtG7(894),32.982773,37.41636
ProtG70(895),28.520777,31.264668
ProtG71(896),29.468891,33.2343
ProtG72(897),26.01634,33.4526
ProtG73(898),31.240112,33.870598
ProtG74(899),27.021503,28.129793
ProtG75(900),34.371902,41.481987
ProtG76(901),26.94694,29.161161
ProtG77(902),32.975224,41.09464
ProtG78(903),32.658596,33.138176
ProtG79(904),31.569195,29.193024
ProtG8(905),30.271156,31.083378
ProtG80(906),32.23345,29.106798
ProtG81(907),47.649414,50.15489
ProtG82(908),28.681988,30.71993
ProtG83(909),33.52461,34.55318
ProtG84(910),30.283693,31.0271
ProtG85(911),30.817286,34.210434
ProtG86(912),34.982708,41.163998
ProtG87(913),34.134884,30.863302
ProtG88(914),29.345715,30.329227
ProtG89(915),30.820911,32.84934
ProtG9(916),34.47424,24.561665
ProtG90(917),28.816381,30.93639
ProtG91(918),31.013077,28.337866
ProtM1(919),39.783142,46.056248
ProtM2(920),31.348621,33.74392
ProtM3(921),35.711983,34.084045
ProtZ1(922),29.361977,27.211918
ProtZ2(923),31.34461,27.389282
ProtZ3(924),32.989635,27.597689
ProtZ4(925),27.655647,32.92817
ProtZ5(926),36.642258,33.650185
RBG1(927),39.22474,37.163734
Rifl1(928),30.592136,36.325745
SAR3X1(929),34.431446,32.21118
SAR3X2(930),47.859715,39.74787
SLNR1(931),54.22772,53.0048
SM23X1(932),51.82554,57.225502
SZUA1(933),47.88819,39.132275
SZUA2(934),40.882057,41.911087
Sche1(935),41.553288,46.723248
Spir10(936),52.660572,57.221863
Spir11(937),48.270046,56.982075
Spir12(938),38.047028,39.947002
Spir13(939),32.60968,36.97347
Spir15(940),30.918058,29.15023
Spir2(941),31.198298,40.712517
Spir3(942),30.52296,31.867006
Spir4(943),32.02192,34.30975
Spir8(944),38.679924,38.091835
Spir9(945),36.878494,34.940228
Sume1(946),31.88605,32.51974
Syne1(947),39.59236,37.83963
Syne10(948),47.02795,45.98415
Syne2(949),60.13983,49.349083
Syne3(950),31.146446,35.719738
Syne4(951),61.092407,63.09333
Syne5(952),55.142597,53.38606
Syne6(953),56.66088,57.62354
Syne7(954),36.14856,36.332916
Syne8(955),44.4575,43.295982
Syne9(956),69.40989,68.063705
TA06A1(957),56.21976,51.34284
TA06X1(958),55.762302,48.130806
Therd1(959),63.14553,51.943996
Therg2(960),52.963013,56.989143
Therg3(961),59.81778,63.034054
Therg4(962),57.638107,60.9385
Therg5(963),58.516907,65.84267
Therg6(964),65.536354,69.27377
Therg8(965),71.0085,69.57312
Thers1(966),72.36365,70.85865
UBA1X1(967),34.518166,31.326788
UBA1X2(968),48.206253,51.442898
UBA1X3(969),34.103546,36.32606
UBA1X4(970),28.771736,28.85543
UBA1X5(971),32.940487,31.095133
UBA1X6(972),50.140316,41.111202
UBA2X1(973),39.108208,50.26159
UBA6X1(974),31.348757,31.83052
UBA9X1(975),51.724632,56.864193
UBA9X2(976),41.453876,41.08436
UBA9X3(977),56.996834,60.630486
UBP13X1(978),51.382126,40.825336
UBP14X1(979),51.681732,52.43575
UBP4X1(980),31.556652,37.207886
UBP6X1(981),54.52928,56.639828
Verr10(982),30.818853,30.757309
Verr11(983),58.808693,59.69329
Verr12(984),34.621525,36.615818
Verr13(985),49.28646,54.801228
Verr14(986),30.60927,32.57662
Verr2(987),29.72352,25.709036
Verr3(988),46.574383,49.123013
Verr4(989),31.562405,34.145805
Verr5(990),31.353884,34.93296
Verr6(991),34.608074,37.170174
Verr7(992),35.745865,27.667475
Verr8(993),49.905968,55.425697
Verr9(994),32.958282,31.283972
WOR1(995),49.592106,56.24877
WOR2(996),54.762436,54.350597
WOR3(997),53.644432,55.706783
WOR4(998),41.016457,49.055305
WOR6(999),55.822433,54.873608
WOR7(1000),54.355637,54.772797
Wall1(1001),50.632423,53.815918
Zixi1(1002),34.459354,32.76285
Zixi2(1003),54.828823,57.593815
Zixi3(1004),56.63679,56.346733
Zixi4(1005),44.396168,42.90585
Zixi5(1006),59.102375,48.704346
1007,54.773266,45.932137
1008,59.540825,46.30347
1009,36.862324,24.657217
1010,49.810375,42.224384
1011,54.384594,32.07621
1012,32.45441,23.69044
1013,51.970314,31.602833
1014,43.806942,35.00622
1015,28.252316,29.507395
1016,53.787395,38.75153
1017,33.01718,38.79903
1018,35.380943,37.378838
1019,34.907616,32.224533
1020,24.64487,29.279766
1021,36.653736,34.2537
1022,25.188194,25.104128
1023,26.533527,34.454365
1024,44.76553,31.512558
1025,53.13611,16.229969
1026,26.714317,27.91694
1027,56.5953,47.19956
1028,28.556482,26.97905
1029,27.648788,38.1112
1030,36.390717,30.389006
1031,42.01297,30.979544
1032,40.389534,36.855064
1033,42.384583,27.852997
1034,30.348347,28.877487
1035,58.613686,34.309055
1036,57.33005,30.754463
1037,28.37066,29.177345
1038,29.803635,29.601355
1039,28.773321,24.069288
1040,27.218933,25.48384
1041,26.885803,32.55291
1042,39.510353,38.742085
1043,41.218372,36.09724
1044,30.582573,32.91746
1045,33.737392,25.9036
1046,35.642178,36.22652
1047,40.379128,23.676601
1048,33.83371,34.4878
1049,46.073837,31.391834
1050,65.75858,43.68847
1051,72.27747,46.499252
1052,63.455776,40.809933
1053,50.01919,39.2853
1054,62.339523,37.64565
1055,50.94546,31.592104
1056,60.643898,35.290886
1057,59.5456,37.329025
1058,59.404232,25.954145
1059,51.824017,33.115726
1060,37.69316,29.29256
1061,33.41176,38.125576
1062,43.24355,28.19744
1063,42.22694,33.29879
1064,29.394165,29.267544
1065,33.431965,34.604298
1066,35.612724,35.195923
1067,42.960217,39.62719
1068,48.834064,35.145294
1069,32.051846,17.557455
1070,31.389772,31.54599
1071,43.970253,28.365509
1072,32.57747,22.047464
1073,65.34787,24.421324
1074,31.95888,33.477207
1075,25.490412,33.74571
1076,47.72765,33.641136
1077,33.06806,33.976265
1078,32.513737,26.043423
1079,31.080307,26.47071
1080,33.04767,36.461906
1081,35.06872,22.094032
1082,59.868126,40.12475
1083,55.90775,30.951422
1084,37.194355,23.24257
1085,45.314217,36.080162
1086,61.41996,33.945347
1087,60.60397,47.053387
1088,49.054253,38.748188
1089,56.99298,33.878006
1090,55.54646,41.852215
1091,34.529934,31.263922
1092,33.685333,23.097998
1093,30.055908,24.956602
1094,52.373497,40.190018
1095,35.792587,24.28562
1096,40.644764,36.77812
1097,52.88231,31.29885
1098,36.034153,30.696453
1099,48.61775,32.27282
1100,51.83248,37.93344
1101,37.346085,27.40707
1102,50.368454,23.732204
1103,37.067352,36.353626
1104,35.59185,27.255749
1105,38.978714,29.87761
1106,43.191067,36.051662
1107,58.104923,44.5907
1108,53.413403,36.271797
1109,46.236584,32.231033
1110,28.73112,40.157166
1111,34.715084,33.374817
1112,52.309566,28.863636
1113,49.682793,35.34561
1114,42.819504,40.027145
1115,53.468662,39.522682
1116,41.650543,33.763676
1117,28.43221,26.719677
1118,46.04463,34.72119
1119,44.189358,33.636448
1120,34.96398,29.226204
1121,53.014793,23.69964
1122,28.418844,29.830877
1123,35.738403,29.708735
1124,48.14867,34.811726
1125,45.78274,32.966988
1126,46.426582,33.58738
1127,30.194647,29.962416
1128,40.49764,20.410849
1129,53.931828,30.37692
1130,26.409082,37.72819
1131,28.193007,30.825457
1132,39.056202,29.817417
1133,36.72757,35.358017
1134,43.673985,33.14052
1135,60.455467,57.190807
1136,56.63261,59.320324
1137,37.050205,40.06063
1138,34.97981,37.029823
1139,35.9771,30.206509
1140,38.741726,33.473152
1141,44.342,38.110928
1142,48.721336,38.170803
1143,39.61027,33.335987
1144,36.15878,34.977425
1145,38.59198,43.96985
1146,39.385372,26.374395
1147,33.9994,21.590979
1148,35.085354,27.258205
1149,52.89687,33.95257
1150,37.56636,39.001514
1151,37.70256,38.656673
1152,38.786427,34.016174
1153,52.978905,26.465353
1154,28.881187,29.268305
1155,49.7046,27.1662
1156,48.0826,33.70743
1157,31.277796,27.88227
1158,37.645275,28.474758
1159,36.709713,26.522696
1160,29.502773,33.946037
1161,57.756165,37.815056
1162,38.87713,25.475075
1163,37.320633,23.635138
1164,66.23649,34.07826
1165,38.287334,25.677359
1166,35.932915,38.537918
1167,37.194447,22.688648
1168,41.742107,38.723885
1169,41.65888,37.803226
1170,46.12099,37.905823
1171,46.772686,33.7171
1172,36.68051,32.664165
1173,38.237427,39.008728
1174,34.463104,26.978966
1175,38.736183,39.17516
1176,35.716087,28.744024
1177,36.710407,32.04088
1178,38.822144,25.215551
1179,37.145126,26.114708
1180,41.48943,34.398346
1181,34.20907,27.016514
1182,30.108646,30.705713
1183,34.459663,28.617077
1184,35.729164,31.101234
1185,53.32661,32.10253
1186,43.587925,36.993366
1187,34.82834,33.07956
1188,31.693401,19.350073
1189,34.764606,35.470287
1190,40.511215,36.303604
1191,31.460735,35.68637
1192,30.864515,41.18583
1193,48.91862,42.609913
1194,30.570042,36.135117
1195,32.31666,32.65375
1196,42.459858,38.02569
1197,34.31513,35.728657
1198,46.89738,19.758587
1199,33.46477,38.130817
1200,44.940266,39.041313
1201,32.25301,26.971563
1202,35.44566,34.00976
1203,54.17488,33.861576
1204,54.269543,44.07386
1205,37.59276,39.98651
1206,47.888355,36.899914
1207,30.3255,31.106321
1208,46.941784,30.18365
1209,34.484215,29.714437
1210,45.63745,35.692123
1211,36.153446,38.21224
1212,44.330788,33.00934
1213,52.87416,43.692482
1214,52.08251,53.412983
1215,36.667492,30.096504
1216,30.10443,28.193
1217,29.577412,32.160595
1218,61.83434,44.326767
1219,49.504257,30.507666
1220,51.86792,44.02558
1221,30.492844,32.68981
1222,30.864075,33.053226
1223,36.384228,37.40562
1224,32.89086,38.85873
1225,41.443527,33.146297
1226,34.772717,42.966255
1227,41.263287,28.362768
1228,48.785046,27.295803
1229,37.72593,30.580982
1230,36.952477,33.354996
1231,33.49282,19.568392
1232,42.333847,40.902016
1233,34.10576,28.850212
1234,38.44316,24.070818
1235,59.48951,32.65207
1236,55.50406,39.776672
1237,61.620102,41.92525
1238,62.371162,44.38181
1239,56.083702,29.636389
1240,61.83355,47.03987
1241,30.333097,30.11704
1242,44.507404,32.26882
1243,32.321194,31.35016
1244,34.567432,23.653772
1245,31.596188,33.51966
1246,47.93466,34.606953
1247,31.79903,35.107044
1248,32.10825,31.384924
1249,43.180862,23.283836
1250,50.386333,39.365795
1251,51.443203,27.907137
1252,42.40146,46.129906
1253,57.84697,46.30746
1254,61.84503,54.45264
1255,44.089188,35.67943
1256,55.078712,31.501024
1257,53.27797,38.836742
1258,58.324303,45.504166
1259,56.92756,43.973366
1260,58.76991,36.292244
1261,34.704117,30.795702
1262,59.10996,29.150751
1263,33.656162,33.52894
1264,48.48263,34.99867
1265,37.52486,35.37446
1266,44.19637,44.456837
1267,33.953808,31.512228
1268,30.751215,34.12494
1269,35.78533,29.222189
1270,47.911385,37.66894
1271,33.078888,30.100838
1272,48.672283,37.882244
1273,56.207355,43.134842
1274,36.141808,26.979277
1275,40.117706,24.15717
1276,53.513355,29.77839
1277,36.238613,28.553442
1278,47.7834,55.60775
1279,48.037083,40.532665
1280,35.12232,35.860325
1281,55.445755,38.479927
1282,33.513775,34.743732
1283,51.555027,39.13846
1284,41.168087,30.463783
1285,58.34811,29.95862
1286,60.86529,34.368225
1287,62.428875,30.343264
1288,35.972305,35.747852
1289,34.68846,31.706793
1290,43.706852,31.413126
1291,31.54584,31.818142
1292,33.928123,20.518845
1293,33.403835,31.763287
1294,35.367096,39.605217
1295,26.342535,41.839687
1296,29.460796,28.023832
1297,31.143805,34.67824
1298,28.730278,31.822407
1299,34.54313,27.605377
1300,32.186382,30.637974
1301,44.76916,25.08163
1302,46.542084,36.616276
1303,58.170666,41.364235
1304,36.68206,30.637657
1305,47.37267,26.314453
1306,35.12609,31.645525
1307,34.95819,28.486616
1308,42.55084,30.751278
1309,53.003925,28.41899
1310,43.863605,34.617287
1311,53.142826,35.50485
1312,34.201874,35.114628
1313,36.03988,28.467667
1314,30.627892,45.1423
1315,40.623444,36.606155
1316,42.965576,23.709118
1317,38.405296,31.250233
1318,33.24739,30.05014
1319,40.715767,33.84808
1320,40.560913,28.84441
1321,40.85827,24.30342
1322,37.144844,32.798843
1323,40.688587,33.602295
1324,42.70567,23.463339
1325,41.766483,30.435574
1326,38.61978,31.446407
1327,33.47618,29.388548
1328,49.639385,30.063116
1329,41.346718,27.539577
1330,40.354904,35.102077
1331,42.41905,33.879105
1332,33.79004,34.695004
1333,39.882393,29.424356
1334,40.547928,29.795008
1335,41.21482,29.321358
1336,34.48993,40.919903
1337,35.33682,32.261368
1338,33.746876,36.701706
1339,49.969635,36.635654
1340,51.130447,30.205893
1341,56.31889,23.774887
1342,55.928066,34.445305
1343,38.040386,25.414526
1344,45.55562,33.394913
1345,46.02103,32.56225
1346,56.876945,24.59955
1347,33.803665,36.313477
1348,29.271803,23.411768
1349,56.44979,42.51214
1350,34.93923,28.424759
1351,38.732788,26.580904
1352,41.283466,34.198147
1353,30.806845,23.715355
1354,44.340496,27.425888
1355,39.506084,28.684837
1356,34.129303,23.972284
1357,30.279465,26.71455
1358,28.545177,39.90897
1359,48.300285,34.697346
1360,30.249786,29.107948
1361,50.34583,35.746284
1362,38.541756,27.312542
1363,30.74012,25.002151
1364,31.466516,36.523003
1365,48.61363,30.363188
1366,35.057327,27.28534
1367,35.75268,32.051693
1368,33.453716,21.402676
1369,40.725483,17.870686
1370,35.644867,36.383865
1371,44.151215,35.48729
1372,31.126896,28.143448
1373,31.630877,25.522158
1374,28.984652,16.837233
1375,30.565485,28.77519
1376,33.96735,26.929537
1377,48.720947,34.13908
1378,31.3961,25.127844
1379,47.770138,31.745937
1380,31.41276,24.152864
1381,30.068214,28.7006
1382,28.227177,34.41658
1383,43.473812,25.816328
1384,33.34332,22.89908
1385,33.127296,27.469454
1386,35.002853,18.42501
1387,31.011456,19.197536
1388,47.245556,32.942787
1389,38.448128,24.783327
1390,31.936289,28.540432
1391,39.36151,28.33224
1392,38.60408,26.357931
1393,45.39678,26.278187
1394,33.559605,25.595926
1395,33.15742,25.827457
1396,48.670513,25.844889
1397,38.942852,30.25062
1398,37.165535,30.980137
1399,42.84651,34.64146
1400,42.55833,36.20377
1401,47.92395,26.722067
1402,35.320072,30.545923
1403,47.126617,24.940243
1404,40.021557,28.989983
1405,38.884808,37.638683
1406,47.572144,23.920418
1407,34.009823,27.245237
1408,33.5586,20.146456
1409,32.84373,29.889519
1410,51.120842,22.124758
1411,32.334526,28.384193
1412,29.42734,33.587463
1413,32.81622,35.30273
1414,33.10616,28.091036
1415,34.673565,28.224514
1416,44.46153,26.355244
1417,39.826912,32.73575
1418,33.260605,27.185637
1419,31.016953,34.56683
1420,31.367228,25.802116
1421,33.51032,20.999258
1422,36.597294,34.239563
1423,57.900322,34.16145
1424,29.770313,34.03265
1425,30.581636,36.54422
1426,41.335827,29.950312
1427,46.538708,29.67842
1428,36.592228,31.454357
1429,54.06575,28.159733
1430,50.300537,30.959387
1431,38.049637,33.934177
1432,32.98348,28.11864
1433,33.17577,25.227907
1434,33.99388,32.393448
1435,44.012505,35.189648
1436,35.724163,28.31826
1437,57.557934,39.523834
1438,57.145157,45.51638
1439,58.686737,42.033035
1440,59.6206,46.108955
1441,36.972668,25.467302
1442,28.413898,27.868734
1443,52.598408,32.54931
1444,39.03271,28.806688
1445,35.471294,31.855934
1446,33.88159,29.299252
1447,34.986416,23.485483
1448,36.304825,24.654785
1449,36.37494,25.80161
1450,32.77902,32.265648
1451,46.266678,41.20789
1452,44.32947,36.196217
1453,45.75441,46.543404
1454,37.295906,36.338852
1455,58.95686,31.258524
1456,36.717903,30.533405
1457,60.28063,27.761646
1458,34.839157,29.2162
1459,48.491577,24.815435
1460,45.818493,36.16865
1461,63.965103,34.225624
1462,44.33943,20.560097
1463,40.799664,35.853653
1464,55.7893,18.941475
1465,31.699799,25.449759
1466,31.61639,27.206566
1467,30.204119,26.389807
1468,32.12889,32.840343
1469,54.66053,34.829445
1470,35.987198,35.257557
1471,69.2746,33.50212
1472,53.845253,33.83129
1473,53.10703,40.53774
1474,42.4861,32.78199
1475,41.531696,34.36068
1476,36.831917,15.591759
1477,38.082355,29.941525
1478,42.832504,28.252138
1479,59.71336,36.05838
1480,26.92271,22.321936
1481,33.44891,29.889128
1482,32.16678,24.80477
1483,45.5971,27.200392
1484,34.664722,25.203484
1485,36.558838,27.333988
1486,33.276337,20.76054
1487,45.99847,32.2481
1488,49.654697,31.582882
1489,35.67359,32.552006
1490,37.014458,34.507202
1491,51.735916,41.568245
1492,47.35958,26.799479
1493,44.784447,30.274218
1494,45.178165,40.7317
1495,47.467876,40.348568
1496,57.885334,31.076298
1497,36.000954,25.719498
1498,28.697723,22.381783
1499,44.710205,26.331835
1500,32.674374,27.691055
1501,41.840736,28.395952
1502,36.085793,33.30879
1503,61.202858,45.16173
1504,37.73153,40.188538
1505,39.285446,29.402588
1506,36.02122,32.283493
1507,54.261032,30.947054
1508,56.1452,23.471323
1509,39.671474,38.369747
1510,49.04054,25.246386
1511,51.48494,20.989481
1512,37.797832,34.02714
1513,40.14937,34.33111
1514,35.72654,37.27639
1515,54.49017,23.695288
1516,54.749657,29.612265
1517,37.253403,32.358784
1518,32.36444,25.417572
1519,44.563904,33.7252
1520,54.863167,23.388523
1521,35.203423,23.531473
1522,33.72191,32.848156
1523,37.25864,36.34996
1524,36.575207,26.47531
1525,46.146027,37.101665
1526,50.79581,22.877018
1527,40.101013,26.438816
1528,43.938553,28.135538
1529,40.14451,29.15614
1530,45.91645,31.559402
1531,48.880424,19.833035
1532,50.953884,38.87989
1533,36.427265,34.77011
1534,46.615993,31.591307
1535,52.730217,25.991213
1536,53.990665,31.772427
1537,36.426678,28.194918
1538,30.202421,26.021929
1539,30.427946,29.072943
1540,35.731644,30.132524
1541,52.944458,28.22231
1542,34.93259,30.286411
1543,41.111885,29.51104
1544,54.370945,26.547699
1545,60.41377,40.06301
1546,49.840523,29.27216
1547,32.342854,29.155857
1548,32.226192,32.137573
1549,29.537085,29.493164
1550,46.848927,41.71702
1551,51.918156,37.55207
1552,39.896694,39.745815
1553,55.3946,38.686184
1554,37.284412,30.080544
1555,49.782124,24.27631
1556,52.172318,31.361124
1557,55.426117,39.367493
1558,36.93772,26.927853
1559,59.024597,31.359388
1560,56.327396,41.458782
1561,50.954617,34.936462
1562,56.916298,25.857264
1563,45.49712,35.897728
1564,33.539257,25.018803
1565,28.777662,30.137865
1566,35.97791,28.64732
1567,33.83279,30.523373
1568,29.111637,22.695765
1569,47.212658,32.434376
1570,39.68258,38.8554
1571,45.60076,25.822891
1572,43.752457,24.168259
1573,49.02038,20.574068
1574,56.014736,28.760914
1575,42.453632,23.503439
1576,41.42306,30.391424
1577,35.51256,34.180687
1578,42.29411,26.48502
1579,34.874176,30.297173
1580,35.68946,37.711346
1581,57.37604,34.534744
1582,55.33716,27.653065
1583,46.3458,35.5157
1584,58.657875,34.455875
1585,43.471363,30.152262
1586,32.11475,30.054586
1587,40.6732,32.62159
1588,31.3779,30.34024
1589,49.537094,28.9301
1590,30.94065,23.932846
1591,35.07675,31.19082
1592,38.294857,24.447271
1593,34.755726,31.767838
1594,32.01186,26.038237
1595,31.988676,29.501562
1596,26.423399,27.577055
1597,30.255571,18.395275
1598,34.306175,17.780117
1599,31.331861,19.87689
1600,38.160225,25.517603
1601,36.859455,25.999441
1602,43.828506,19.275473
1603,32.764084,30.624567
1604,33.198414,27.84691
1605,39.07033,31.524038
1606,36.044876,31.028294
1607,32.5698,31.164352
1608,29.506752,26.03046
1609,46.01272,33.578465
1610,35.38981,18.019342
1611,33.899162,30.047575
1612,29.63968,24.453218
1613,32.901215,22.283745
1614,30.719671,32.140076
1615,45.17954,35.84603
1616,36.135677,32.168396
1617,40.81377,31.931381
1618,47.756336,35.96471
1619,57.35137,44.6876
1620,30.78926,25.782434
1621,56.161804,35.266464
1622,34.91604,27.446577
1623,32.813564,24.150278
1624,45.7991,25.540648
1625,45.19373,37.19161
1626,32.48204,30.302532
1627,36.85239,33.79892
1628,37.517307,24.962791
1629,48.26642,30.07928
1630,58.55589,28.545582
1631,35.673107,24.641396
1632,24.783535,23.025637
1633,38.915333,30.964798
1634,57.744717,34.95952
1635,36.837326,28.025623
1636,54.596962,35.05688
1637,55.19067,33.97157
1638,49.345535,25.250582
1639,59.72475,18.918394
1640,31.70364,25.133297
1641,32.436726,24.989368
1642,31.299593,19.487783
1643,50.19551,34.112267
1644,38.622135,23.295715
1645,48.4775,44.551823
1646,49.456474,34.857376
1647,43.782658,26.944994
1648,44.104595,30.35144
1649,34.778492,30.386953
1650,31.830715,20.742031
1651,34.776665,28.955254
1652,30.29053,28.657797
1653,44.56345,34.038925
1654,60.121605,42.06555
1655,48.03146,36.08992
1656,48.20603,31.145443
1657,53.635178,31.786898
1658,58.5941,28.007769
1659,40.05919,36.393753
1660,44.394035,32.417927
1661,39.431305,33.697075
1662,38.59055,29.30201
1663,58.16936,41.201313
1664,32.04922,30.38501
1665,31.771206,33.45955
1666,56.914986,27.134497
1667,39.085907,24.533651
1668,38.450516,30.466625
1669,44.15908,28.922194
1670,49.179394,24.907537
1671,49.975487,23.031626
1672,43.46927,27.88351
1673,44.507618,33.224903
1674,35.94813,29.361551
1675,29.48089,23.752342
1676,47.06239,27.891745
1677,35.51876,30.892494
1678,55.696625,32.015114
1679,28.368412,19.843832
1680,60.770313,35.33642
1681,42.378708,32.182472
1682,37.751938,17.205467
1683,56.98631,29.289566
1684,59.601433,35.684372
1685,45.55286,29.399088
1686,51.259907,21.10764
1687,25.163418,29.623615
1688,34.920628,29.066294
1689,59.817894,39.136528
1690,34.12874,32.65462
1691,57.406834,30.491993
1692,43.006474,18.20898
1693,41.06308,27.72235
1694,42.033733,24.313084
1695,33.752026,24.54985
1696,35.322464,27.103106
1697,56.94496,33.296345
1698,46.471485,32.45594
1699,55.864384,32.059147
1700,28.503569,26.121447
1701,29.455915,25.307404
1702,33.416973,28.250282
1703,29.877821,31.265589
1704,30.142035,27.46081
1705,30.564014,26.958029
1706,41.946873,26.682915
1707,36.36173,18.521778
1708,33.989662,30.28156
1709,44.488647,29.476734
1710,40.917187,27.996468
1711,31.556557,26.263664
1712,32.836998,26.23267
1713,33.12424,28.633297
1714,32.210373,19.050837
1715,51.72339,23.896622
1716,52.09226,23.43881
1717,55.250168,41.856083
1718,31.303167,23.540545
1719,51.398,31.25444
1720,35.65005,21.921734
1721,52.56094,29.863575
1722,34.105453,35.561363
1723,36.06098,34.28346
1724,32.659897,25.984571
1725,58.430428,34.632137
1726,42.07846,36.7191
1727,30.599787,24.982069
1728,39.606625,29.05243
1729,57.286816,36.320007
1730,58.60291,27.305157
1731,39.775623,35.5233
1732,38.696938,33.740982
1733,58.210644,22.815905
1734,32.70294,19.875465
1735,30.927855,24.947596
1736,50.795166,27.538902
1737,35.9279,36.726974
1738,57.88773,29.500135
1739,40.574593,34.409428
1740,47.386646,25.866388
1741,47.98769,28.112028
1742,42.80794,35.270172
1743,40.88716,22.476513
1744,37.10314,25.815044
1745,43.71766,35.977222
1746,41.035484,33.679237
1747,32.66897,32.649174
1748,45.007256,36.460777
1749,31.300232,25.810461
1750,39.404182,27.979286
1751,33.96391,28.607002
1752,35.847042,29.196072
1753,52.886894,35.0836
1754,30.744316,27.410725
1755,57.824512,36.042736
1756,31.125402,31.801369
1757,55.536762,28.663124
1758,58.573147,37.699036
1759,49.73414,30.928293
1760,33.58097,36.889015
1761,38.109463,38.50921
1762,34.127216,30.164583
1763,40.647053,20.450922
1764,39.669594,23.91891
1765,31.435732,36.441105
1766,35.92163,20.92585
1767,56.940544,29.554125
1768,49.16077,33.507042
1769,30.316935,28.828295
1770,36.784042,35.69676
1771,30.715693,35.95257
1772,45.01875,32.359303
1773,35.879696,21.06424
1774,34.500816,21.357563
1775,45.149704,27.050438
1776,29.422401,22.483124
1777,31.1023,24.963823
1778,49.682957,23.464054
1779,57.893166,28.61789
1780,54.164776,31.106937
1781,36.643204,20.606026
1782,33.8861,30.23117
1783,53.794186,33.761303
1784,53.554546,30.0522
1785,43.02839,30.04974
1786,49.94988,31.61907
1787,55.473988,27.887217
1788,37.080635,26.896824
1789,34.280735,35.89214
1790,57.113228,29.087309
1791,38.24354,33.60298
1792,32.455246,18.591438
1793,35.16126,26.287235
1794,49.330467,30.649216
1795,37.76949,31.790243
1796,52.72661,32.58004
1797,30.663534,32.226215
1798,40.40426,27.562696
1799,44.97673,35.908287
1800,48.047256,33.293266
1801,45.32383,41.40983
1802,34.98848,35.911076
1803,36.824844,23.872677
1804,53.361706,23.516554
1805,39.057014,24.545504
1806,31.375233,24.840988
1807,60.061275,27.419773
1808,37.430687,29.147472
1809,25.93268,28.390776
1810,36.75945,34.974064
1811,36.251102,28.413803
1812,40.578377,31.041933
1813,41.71816,28.956089
1814,33.56049,23.261923
1815,35.059128,29.865322
1816,59.877148,29.331085
1817,31.721176,27.458714
1818,36.420933,26.151876
1819,30.666063,30.207825
1820,38.240517,31.33685
1821,35.381733,27.754583
1822,30.151398,24.403738
1823,31.542637,35.68443
1824,54.346226,39.66444
1825,46.231686,24.078278
1826,36.337738,28.467836
1827,40.961178,26.044312
1828,47.242786,30.84975
1829,52.598286,37.438297
1830,48.96831,31.451117
1831,50.987247,29.334324
1832,38.078148,30.51298
1833,57.835445,28.11867
1834,35.19286,32.53076
1835,34.465233,14.688189
1836,38.69959,34.73432
1837,51.37364,41.34326
1838,27.597448,27.85113
1839,43.801945,23.20803
1840,45.387333,20.746008
1841,39.287544,31.402193
1842,43.47107,33.669582
1843,32.451878,34.626205
1844,43.971783,34.021526
1845,39.925247,31.577456
1846,29.427038,21.077967
1847,46.79607,38.46078
1848,34.188644,23.586828
1849,36.62321,27.13697
1850,43.360928,34.51265
1851,32.112335,26.459038
1852,58.405685,28.111626
1853,30.687786,28.028677
1854,33.920597,24.476784
1855,33.839283,27.048824
1856,32.373844,28.84878
1857,44.494343,39.923115
1858,59.335865,24.280312
1859,54.990696,29.78062
1860,39.77232,32.626255
1861,32.43244,24.961412
1862,57.22118,32.80795
1863,36.103848,29.435368
1864,39.314617,23.767458
1865,56.812916,26.33889
1866,60.571915,33.44272
1867,33.801956,32.307186
1868,41.435738,33.410362
1869,39.35221,31.163063
1870,52.48293,23.32204
1871,33.85669,29.0665
1872,47.143818,26.981539
1873,28.407404,23.401083
1874,38.989147,35.599194
1875,34.862267,26.984287
1876,38.42479,31.367523
1877,37.58538,35.50779
1878,32.180984,34.652267
1879,32.168896,35.096058
1880,32.35032,29.731546
1881,31.393097,30.974218
1882,34.875645,35.45159
1883,37.221508,37.182243
1884,55.210186,30.216703
1885,42.19723,20.779266
1886,34.745605,32.097282
1887,40.85542,31.331617
1888,55.89828,29.529888
1889,49.088875,23.199646
1890,32.367393,29.093088
1891,43.34257,33.502243
1892,55.02396,28.45766
1893,45.713486,30.636879
1894,43.496258,30.162582
1895,52.433945,25.046448
1896,30.247791,24.97342
1897,38.42942,22.889996
1898,33.76484,28.609848
1899,31.336535,27.657682
1900,34.35937,32.846214
1901,41.851032,25.926462
1902,38.224834,38.4159
1903,57.492397,27.535603
1904,48.839508,21.851542
1905,35.712875,28.529045
1906,60.55669,32.198364
1907,37.405903,30.91586
1908,41.132812,30.678808
1909,45.666546,28.167877
1910,54.815838,33.98947
1911,30.837273,31.495527
1912,41.569443,35.71486
1913,32.911404,23.884602
1914,41.866756,28.997656
1915,41.71816,22.006811
1916,32.181316,28.164536
1917,35.886864,34.1763
1918,39.872112,30.397345
1919,59.860172,28.323307
1920,34.48172,29.354464
1921,59.084915,28.378052
1922,39.69739,26.517458
1923,43.7628,35.418262
1924,47.958244,33.475735
1925,54.872715,26.387596
1926,46.42131,21.476812
1927,50.217003,26.603575
1928,31.248013,27.70744
1929,39.823982,34.392696
1930,30.042542,21.466524
1931,35.81164,33.078114
1932,38.07592,28.415339
1933,57.219845,33.69298
1934,45.83222,33.19832
1935,40.90334,36.27142
1936,47.243294,32.93311
1937,54.77143,22.125952
1938,29.587925,29.32528
1939,63.776363,40.800606
1940,35.10989,23.671272
1941,38.198902,31.231451
1942,31.80264,24.206083
1943,33.732952,29.063469
1944,56.508038,29.150434
1945,44.25939,33.925808
1946,40.075676,27.62144
1947,44.344597,30.207973
1948,33.78997,28.541395
1949,56.07397,32.565983
1950,38.29811,29.477821
1951,31.935293,27.19066
1952,34.083195,26.263992
1953,55.931343,32.373924
1954,36.872463,28.45182
1955,59.181633,38.41822
1956,38.69251,36.95959
1957,49.675972,32.085415
1958,33.89674,31.101706
1959,35.177925,25.02153
1960,45.712982,29.45997
1961,53.136715,31.190475
1962,41.86316,34.96901
1963,40.379192,28.22618
1964,49.068596,26.0456
1965,35.97231,29.508444
1966,38.235798,28.701632
1967,34.288063,23.654524
1968,55.075813,33.447556
1969,56.81671,30.364166
1970,44.28455,22.884491
1971,52.542114,30.791227
1972,49.70928,24.210526
1973,33.65027,23.182632
1974,34.506958,27.58242
1975,49.997196,26.27411
1976,56.281944,29.47446
1977,47.598717,33.35898
1978,33.62633,26.941572
1979,36.731964,28.138174
1980,47.82687,27.653769
1981,54.840965,24.988852
1982,33.553127,23.269684
1983,36.573063,35.227676
1984,52.468838,25.437983
1985,31.371338,28.267002
1986,35.840313,30.048195
1987,40.962826,31.431751
1988,48.26011,24.611917
1989,36.798187,30.24067
1990,51.348427,37.606018
1991,34.271725,31.534311
1992,50.751625,28.835838
1993,38.895042,27.197042
1994,51.1743,26.459293
1995,41.644,22.75907
1996,60.35871,29.797915
1997,40.99933,21.050823
1998,59.741837,26.72344
1999,41.24941,27.737362
2000,60.798874,43.4685
2001,50.632626,32.807175
2002,59.496624,41.527122
2003,38.241478,33.792717
2004,55.31484,29.649601
2005,37.22978,30.28207
2006,55.821217,26.035036
2007,35.078625,27.69423
2008,35.69652,31.294424
2009,33.420742,39.219475
2010,35.861824,29.281752
2011,33.420742,41.556503
2012,33.420742,47.51167
